X1,X2,X3,X4,Y
9.962196273150138,5.970474452257717,10909.220570076484,-1783.755515042364,1.0
10.348864361363024,5.9941938734109295,10522.349238283385,-2003.0446444491474,1.0
10.017607985014877,5.968685745471608,8624.592835061074,-1869.3505284476394,0.0
10.065390405221125,5.993491884691934,8818.322444671845,-2212.442373663203,0.0
10.249905406554992,5.978061902319555,12573.989873614091,-2336.3411650932208,1.0
10.075969824775555,5.974794369202353,9478.103745494807,-2346.871936268422,0.0
9.74092323783088,5.9748956966265485,9448.198969498977,-1838.7372759599766,0.0
10.226223657961828,5.996111550330922,13565.982211723343,-2047.4978875715592,1.0
10.230262755518973,5.95567000874158,10546.956932882349,-2053.190314417705,1.0
9.741594975280455,5.981869389239278,14143.869058087856,-2117.910265605659,1.0
10.07530856174696,5.957473661678351,8795.480315997569,-2101.12660224515,0.0
10.38322914359644,5.9989135417149,6644.17191534924,-1646.4316027273003,0.0
9.732068597188901,5.997042587446871,11706.094681389157,-1992.1671118915522,1.0
10.023448424952829,5.9771132353014105,13258.030336066147,-1893.2280702830767,1.0
9.96992127253208,5.992929879339083,9033.921129191966,-2190.7379953968302,
9.744385716863384,5.990395245828114,10500.878218035201,-1982.8544307488744,1.0
9.908158137043479,5.97227613686929,11453.76596342071,-2429.8961930957144,1.0
9.901856762670024,5.983623269261061,8897.524161885556,-1980.5926680410023,0.0
10.211081487401996,5.963910893471802,11253.693280230193,-1956.0104569619741,1.0
9.967665776874663,5.95322890933708,7232.892159586857,-1656.409036125557,0.0
9.714910394448033,5.968002827849448,9731.049414313351,-1944.136734056698,0.0
10.114731406302887,5.985267403074906,6743.693882195403,-1477.3519905822818,0.0
9.835465944518367,5.975026932438335,7538.347269811051,-1383.56626831918,0.0
10.034376149786144,5.989619843110947,16173.117110447974,-2274.8158395786727,1.0
9.95357172809019,5.985137621125502,,-1560.0494680524382,0.0
10.130251033142052,5.955976675912414,14010.857780963197,-1362.9708522855342,1.0
9.932290824259386,5.983344886907339,8115.706962532284,-1972.4046606832187,0.0
10.079631637865653,5.9832386172929075,12452.16571345607,-1970.8309841888265,1.0
9.97771514292993,5.994176656625752,8476.820275603412,-2174.287758976161,0.0
9.719288119178257,5.980639426081419,9388.11682039506,-1972.9681956768388,0.0
10.24138237661509,5.959797655121871,8081.320875824644,-2283.211326986893,0.0
10.023092180515368,5.986494767128121,7692.562899015242,-2294.4372133715474,0.0
9.905694095117063,5.9872965844699,10706.150897146556,-2367.955173637494,0.0
10.097620424964475,5.97762321785821,8623.986341658003,-2035.8908186198591,0.0
10.079641208995685,5.979542884108,10511.254516002478,-2309.434806080122,0.0
10.027374146171228,5.991687703565236,14568.926788850224,-1653.323523301166,
10.331152270857798,5.965198417369179,13993.355570287657,-1945.2922520875054,1.0
9.93314387560444,5.972027073239284,7422.909740890995,-2462.1119270055965,0.0
10.004844589296543,5.978074281170691,12680.730563808787,-2373.4845561463103,1.0
10.380659538994873,5.998912754506601,13832.561417309204,-2345.6153158986517,1.0
10.057471592647525,5.956963751623181,7010.218648343012,-1652.877963437578,0.0
9.860023883738364,5.976664355510752,10409.00412373368,-2125.352174975993,0.0
,5.994834844608237,14232.373772441482,-1972.848899145543,1.0
10.185653941673438,5.946798160213203,11125.318693167388,-2087.823283742087,1.0
9.82009573948282,5.985479306541212,8722.997316457087,-2446.4005029856257,0.0
10.07340795605172,5.990160227309878,11874.509047231073,-1975.4584978427135,1.0
10.148550508434251,5.994227128521695,10676.278265514247,-1765.603229239295,1.0
9.84872837208237,5.995421482349305,7189.359257221884,-2005.2098780828792,0.0
9.980033333178344,5.9896523310011345,,-1847.985474083323,0.0
9.936656338805822,5.981009497616481,9650.09513800537,-1701.7244448287404,0.0
10.073064263392144,5.99201152520558,8316.995727040978,-1917.029556395569,0.0
10.00810743278799,5.967786963327499,15632.706888862731,-1652.283319448635,1.0
10.152617619705087,5.984087146221416,9490.35793889122,-2232.262758376156,0.0
10.156656090777533,5.977944950117397,15937.494967297063,-1833.2468784630933,1.0
10.035122308506057,5.981047641369397,10437.454641395143,-1541.1450398860636,1.0
9.987918147609173,5.993739160819293,10979.756760108903,-2252.7440731028014,1.0
9.984519579497332,5.977803346379411,8297.912239534544,-2594.7450099163757,0.0
9.895464393015526,5.975906937405573,9410.130244942282,-1732.3230552058176,0.0
9.787988797043983,5.987616822689804,7704.283857996378,-2058.5309411717108,0.0
10.043498557170533,5.988192481163516,12932.535188068674,-1870.8178713128134,1.0
9.71078668872408,5.991186255558897,12927.253730659226,-2106.015870594081,1.0
10.108247552389305,5.991536250423878,9296.150436683456,-2028.3501702131875,0.0
10.109968865729758,5.990848281577154,12985.409692466359,-2048.6282107739994,1.0
9.94645117244638,,6515.1977699521,-2110.685917885891,0.0
10.002930672280039,5.998624162629112,11307.814234696718,-1629.562894271217,1.0
9.997022879449244,5.996599172143017,6728.123315789846,-2096.246520765837,0.0
9.935371508498813,5.994194387307454,12518.967349263428,-1862.1235991330886,1.0
10.282604453107831,5.980059052396839,5582.480722636974,-2305.9069901449866,0.0
10.18473583921115,5.980378678564331,7285.845910430945,-1774.8450171583154,0.0
10.031889715885942,5.996948370807895,8031.179993361789,-1778.027171157152,0.0
9.990817069344692,5.998309197310565,8059.15469199917,-1870.492174533682,0.0
9.892913925633755,5.962154338731708,13668.214102804222,-1762.7205742609037,1.0
9.980414564005795,5.983795348039324,10231.420574824566,-1522.928762881561,1.0
10.14317860928453,5.991217324892689,11116.712370235024,-1507.5131416408428,1.0
9.872003650719941,5.979032150588059,9504.898927075239,-2042.1423980102682,0.0
10.23113051128098,,14989.850069542857,-1402.9697910472094,1.0
9.994282304960299,5.996069581371775,13529.771014940796,-2311.550484429919,1.0
10.032745679001598,5.975285913659084,12905.803917849002,-1997.5767077715223,1.0
9.982637121177854,5.96612551070995,13901.377392890687,-2413.1569060139677,1.0
9.95948571104073,5.993699401455311,12676.746384225675,-1832.3549753030545,1.0
9.922467930592997,5.996065935093463,7924.960903709552,-2429.767276230236,0.0
9.882370505838654,5.9691419442094045,11225.441344377932,,0.0
9.942230178436459,5.974036661444309,10081.114684634987,-2128.0305825559417,0.0
9.99922251519437,5.9947400316190596,14227.368754943145,-1538.255398895136,1.0
10.11121865853891,5.965952137524601,7897.018504735955,-1528.8571494249138,0.0
9.971413488438737,5.996596249613943,11914.652789932677,-2270.133651014426,1.0
10.017719890399237,5.995062647534213,10004.02336234818,-2287.679889886171,0.0
9.898528334098291,5.99067074798638,9330.804212098958,-2248.5385270089287,0.0
9.788745742912742,5.998441825482996,7036.548531063357,-2030.790948945369,0.0
10.20422913420995,5.954619330510558,12981.72077700924,-2451.522673072121,1.0
9.97589882539522,5.989417238689444,6977.814803961955,-2274.504924019252,0.0
10.095223257260688,5.951919989092296,7420.471280262401,-2007.9201968894185,0.0
10.031025480516183,5.981469162306919,9146.209499010629,-2224.040892887652,0.0
9.930428739465803,5.967193528015153,11424.073935639239,-1736.7260536738881,1.0
10.127984209421594,5.97078253290465,6750.86653159979,-2127.1235248859257,0.0
10.004762216693969,5.987374796718345,11131.424954718681,-1494.2742458810076,1.0
10.038611066890342,5.9823450555908755,10522.651343754478,-1996.2453053519841,1.0
9.989835470957539,5.996272332766096,6034.850904150842,-2201.912820282081,0.0
9.842640551335629,5.989368046259058,11272.385728750069,-2132.355544009704,1.0
10.126886348910558,5.979712342444874,15290.19579951966,-2121.6477599639215,1.0
9.980881186545991,5.99057335352845,9027.046802228655,-1738.9371659721407,0.0
10.178223594083828,5.981123740038939,10038.60566759183,-2597.677994999719,0.0
9.9046700275991,5.990351109675329,10548.081727254234,-1489.6780035654585,1.0
9.911075856761988,5.969592058418761,17230.09097333742,-1820.354556007744,1.0
9.884487093699398,5.9858913524947805,13304.525893272146,-2275.4433194150874,1.0
9.892390045984673,5.981620568770819,11251.748198866744,-2319.3564777242023,1.0
10.18485715101822,5.994339349910367,11392.720773460653,-2336.4068359016533,1.0
9.914289685030173,5.995507128894229,7967.538772390008,-2435.6075191489635,0.0
9.92782006415519,5.993068953171689,13020.049218308224,-2205.8370759965164,1.0
9.739558109292794,5.988067068269443,11747.346330488614,-1886.6153778128605,1.0
10.15834622412944,5.981976804809482,11504.738734196782,-1303.8530885655737,1.0
10.113150706917216,5.980684469927858,10783.457414061202,-1513.9189893131334,1.0
10.242091867914707,5.9687204366623305,6653.366454969338,-2236.8164715450375,0.0
9.951569407456292,5.978594413047005,12175.637838396715,-1795.3812991781358,1.0
9.75479126357672,5.963412272892337,11239.195752804673,-1952.307423054513,1.0
9.786530830223446,5.967667794501852,12867.884474178876,-1357.8836213444747,1.0
10.118550253557805,5.980792457426682,14731.120763693201,-2198.877818795779,1.0
9.957912778113156,5.968194801887499,6960.027369390333,-2169.5690476379405,0.0
10.164277322798496,5.964932445858519,8383.742513095347,-2309.3771776731746,0.0
9.85175051269357,5.9961323900363555,9366.306941456287,-1601.4690694070412,0.0
10.067975715523358,5.985053944911856,5869.255898393542,-1882.9276636283641,0.0
10.106729579976722,5.968307029776723,11802.837087004971,-1989.632055975255,1.0
10.10941389269021,5.998073005018285,5739.166435714663,-2056.0709242854837,0.0
9.903251983716089,5.991210620659112,10885.240123700094,-1607.303614956609,1.0
9.794454964944322,5.98053356559005,12957.399576841213,-2016.9765765785965,1.0
9.777481267345737,5.984162099425937,8584.923386075026,-2089.1985807388073,0.0
10.051265935487875,5.994154354759381,10093.027168972538,-1871.161988915908,0.0
,5.987356561689187,7729.04600607155,-2372.3554557542034,0.0
9.984093945383504,5.987377860438539,11283.700157050655,-1577.2955496507043,1.0
9.974200661434429,5.979170664416679,8856.686960274386,-1905.40288373836,0.0
9.746364735151856,5.97460216389344,13288.225274945495,-1646.523774646854,1.0
9.938837005123279,5.988433577794721,10636.629961508801,-2219.8413580829056,0.0
9.968308575360279,5.980659511447002,12831.305007523968,-1681.023773997987,1.0
10.125086455358465,5.998486331725932,7943.395520482,-2284.7353566096967,0.0
9.899076771900674,5.980199848156095,8913.929096363363,-1827.9125686720818,0.0
10.05274421245506,5.96529607138501,8580.302629468104,-2282.7533321701417,0.0
9.824481528607738,5.996689083024811,6871.853414133412,-2358.7496379305003,0.0
9.968450318058112,5.9976766183464125,12788.690453264675,-1549.005369447531,1.0
10.191388742590428,5.9864377043704495,11451.885426713712,-2283.5404198232045,1.0
9.926120388119239,5.991046666840611,16056.842574202485,-1525.654151698068,1.0
9.905158125651074,5.986120578574994,9525.579757553814,-2499.6073447494873,0.0
9.928448579494606,5.974340763084505,11443.745972276569,-2136.2087360181986,1.0
9.999843945336695,5.964625518424429,10608.904965585822,-2209.2711043059708,0.0
9.74919288715797,5.986216194803035,11227.014744396101,-1988.5980473297734,1.0
9.957308059407053,5.967744193235704,9117.891919043132,-1877.747078934017,0.0
9.85543531511252,5.99326989943242,11410.709790218247,-1801.0305914379533,1.0
9.98942874383489,5.977895040597976,16208.33869693868,-2156.3798074791544,1.0
9.80243052013003,5.973166512894175,12362.50566535314,-2267.3674738138984,1.0
10.060755232941602,5.978145306347448,9143.724709813061,-1856.887025868321,0.0
10.18779124648739,5.976943062549124,15628.961337106586,-2185.7871441007674,1.0
10.014799304059595,5.976207030183851,8422.026554160979,-1581.1337931052285,0.0
10.085458565554807,5.977528939146056,13939.657521183304,-1980.660257466996,1.0
10.35528101153108,5.975979144949317,9306.49035649033,-2240.9879456854014,0.0
9.97831862464845,5.97681345874084,10724.483175726416,-1536.1385874945515,1.0
10.061227092179337,5.988458757307271,10524.467846329062,-1980.3759052726318,1.0
10.181283568638577,5.985609059873054,13380.113466883828,-1661.4809183398345,1.0
10.258836143854557,5.98182247081929,12093.981668981914,-2291.923787562367,1.0
10.047315591019292,5.970272034265096,9065.41905773621,-2322.061183951652,0.0
9.712284454799253,5.9809694803572775,9695.550424682468,-2093.039807494015,0.0
10.078543251035816,5.9789788129321675,16600.443396718776,-2011.6850181987386,1.0
9.71590464113527,5.991498687792973,10488.44741581802,-1524.3290138098846,1.0
10.121205502894412,5.977629079717294,7451.196225188546,-2274.1892961800304,0.0
10.109213390308636,5.989124937922768,14889.388368935308,-2025.150363622336,1.0
10.18781516066421,5.974312160364282,13227.468224265098,-2156.613642561734,1.0
10.117377448580992,5.963367959891934,10136.216651927303,-2289.8106323915154,0.0
10.230502538755422,5.976073782747589,7175.8563890403375,-2269.291164866158,0.0
9.894024372204262,5.992234899799224,8197.45392377569,-2017.7001202521624,0.0
10.127678203387124,5.98317180936604,14127.832957154555,-2070.180796867604,1.0
10.13132149752739,5.966512464792401,16367.786848151627,-1917.2677057635913,1.0
9.994238613017574,5.997480201659797,7167.962200407225,-2354.6481419226043,0.0
9.827777431368677,5.982924843994304,13263.525631396931,-1939.8325578451027,1.0
9.856560534022945,5.970848677951725,12845.980150220961,-2157.189520697958,1.0
9.95049760067177,5.970004333675929,15801.76414604449,-2237.591478030146,1.0
9.947096916690235,5.9576522357284265,13084.820806355663,-2277.484664049716,1.0
9.987018911308734,5.990825980344969,6852.315759487049,-1869.730226131022,0.0
9.815749615159831,5.99544169366951,10928.889831807799,-2319.096814677119,0.0
9.923543789225242,5.996385131579581,9280.773859937195,-1686.5956380823443,0.0
10.077789132267867,5.995440449056616,10766.745314116779,-1583.4174855387816,1.0
10.22068687352984,5.98406183270672,9788.653315088673,-1989.7412863472184,0.0
10.118618588558089,5.998385011292615,12103.6596577437,-2549.1622122615818,1.0
10.130342341294128,5.967579672044494,13308.513098664407,-2150.0610734664574,1.0
10.087313036269347,5.9868070595016185,7641.724028143774,-1958.6879487776243,0.0
10.229831387877333,5.998353731816221,10989.41763544263,-2326.925540093569,0.0
9.822617426320729,5.977745441134598,8703.978977888637,-2199.9534367166407,0.0
10.013006652568665,5.994729618295016,11109.78589962664,-1712.2779580464946,1.0
10.215067334932248,5.979646535383302,12097.15522404999,-1636.977164497529,1.0
9.73039758792055,5.972863718010017,14256.728920997955,-2421.862337270179,1.0
10.031134333748499,5.987975714639085,12964.873632547744,-2277.842392967811,1.0
10.32038469390389,5.986477077669216,9230.747314774026,-2015.998942034223,0.0
10.138148780391363,5.984240433183702,10249.768908192831,-1946.0897891737702,0.0
10.075318118953792,5.960404320163731,16774.732212261355,-1854.8121697286647,1.0
10.137193248177885,5.988882520183224,8387.761014137508,-2136.8648081164283,0.0
10.144016158855852,5.990133641225622,12291.098605675865,-2452.6715777564273,1.0
10.159242177633775,5.9619673613052955,6392.961019811418,-2019.2622056349928,0.0
10.093306135757052,5.960650929715814,10777.477319610474,-1976.7555342038897,1.0
10.084546751835433,5.969954375388951,11479.451685053022,-1532.2650280582213,1.0
10.017366997642052,5.998879431788226,11594.799431490099,-1686.0203407022336,1.0
10.274947028929189,5.969606199067031,13213.239547569276,-1994.5732954034818,1.0
10.180800167724598,5.97857356642739,12490.954122386562,-1515.7625641671127,1.0
9.960339169695413,5.997265348748807,9637.795445818412,-2079.2489467683986,0.0
9.793682235089603,5.995903298691804,10616.393429806025,-2184.1302776412417,0.0
9.923088206261818,5.990141704577427,8674.931009396796,-1416.639224098554,
9.869212707190755,5.99219394188185,12280.77164781838,-2157.3115708603495,1.0
10.321990510224081,5.993485610335942,8571.573093212904,-1972.2612268767302,0.0
10.0991892944422,5.968389817552002,8260.94750363758,-2207.8644001203766,0.0
10.104277121581198,5.988791451444621,12471.704408960202,-1821.0068708878453,1.0
10.08805152492507,5.995328631278805,5258.486174468483,-2079.3942920648537,0.0
10.185222279335392,5.982455448944659,10615.708955500735,-2175.3820758169477,0.0
10.10372630126651,5.988402861576429,7599.358946169576,-1793.8473477495897,0.0
9.945434691007959,5.990606473073307,10991.511540164633,-1877.7799442130975,1.0
9.892120365975057,5.983115869915684,9316.622842369728,-1831.6303759839889,0.0
9.940085115507483,5.973851065863939,16248.634756173158,-2226.6726297779246,1.0
9.994166797353559,5.98057032888946,11394.121127697756,-2105.911970831325,1.0
9.760795820952696,5.983089149553934,10941.545716950728,-1762.2460169727096,1.0
9.991018381219575,5.9815805722566875,13122.68345214342,-2075.6932543141615,1.0
9.783671008144719,5.9968359088687215,6474.103617601207,,0.0
9.92960356948437,5.990434858914675,13433.226720483266,-1719.6004407349883,1.0
9.684873434309617,5.985531894037367,6648.7333320018515,-2020.857782170511,0.0
9.960051249539033,5.986960346708079,11407.289098118688,-1985.3249508115657,1.0
9.966963642067926,5.963178227347088,11788.469752073337,-2167.566566899292,1.0
10.122435349833065,5.98022240824373,9621.512719901893,-1855.0847072255326,0.0
9.99897771245653,5.99203278316405,11076.16396724398,-2031.5457136913435,1.0
,5.985434611164252,9129.465831843769,-2592.212535284717,0.0
10.005058648555162,5.968665886838599,8698.802179199183,-2038.0890311428939,0.0
10.025250823102414,5.96951688144821,13611.730538845304,-2283.807858624426,1.0
10.112735256845381,5.954207290891947,8804.201486106287,-1916.8294409691953,0.0
10.09271797520603,5.9942598121994966,11748.7339154246,-2422.127660775545,
9.968762628105978,5.983871440882096,13211.131268956255,-1502.6559084750115,1.0
10.225547847697372,5.996671329579267,13137.554879450217,-2388.426538954133,1.0
9.999844853450407,5.992562220115006,11342.126149265689,-1929.060627273764,1.0
9.844155541576173,5.996203037233038,8583.95594973832,-1687.2028046456305,0.0
10.244300042971954,5.9937577671019415,10974.490121913243,-2283.2089923286094,0.0
10.328830264825907,5.9849731706902745,6593.768467930763,-2001.465800784966,0.0
10.073638049840639,5.991584859123906,10631.19016115777,-1801.2260820102786,1.0
10.078809159402503,5.98147424110107,11267.107669179904,-1976.3693602643427,1.0
10.072481619352313,5.991595936881529,8026.435290970472,-2479.6362810389082,0.0
9.988234437990682,5.981528891335474,10834.886360223121,,1.0
10.062930547019244,5.96954182643791,13018.161317648002,-1897.409151018367,1.0
10.045475238501457,5.97830341229585,11699.704748868153,-1953.6000187946806,1.0
9.960069674853273,5.9708700253739275,10568.59484566292,-2083.623491851597,0.0
10.004282880800728,5.989499293962272,10394.205059146612,-2284.0955357783355,0.0
10.106446493505183,5.975199940312945,15966.12078371243,-1863.5262011628097,1.0
10.005451932671813,5.982300638247647,7901.347325173498,-2163.445685500964,0.0
10.149331092113911,5.980629441372551,7300.39210934908,-1725.6494065484853,0.0
9.761886482963614,5.965234576104486,12811.509067073272,-1999.3616907552243,1.0
9.90854102198254,5.9762218610956594,4844.53620060055,-1776.4133455883,0.0
9.7897125464222,5.9857648354124064,4804.519459711134,-1539.7266977950953,0.0
10.190024983644289,5.97835813880252,12791.58194059465,-1728.782387511178,1.0
10.130918684666776,5.982389635608308,9389.540566688578,-1997.5636485592477,0.0
9.85234083609726,5.974561642200402,8059.619946099116,-2374.5213139471166,0.0
10.275956099107148,5.975464297186044,15707.032251966653,-1323.3897776978283,1.0
10.15609544812076,5.969750381720465,14234.847422175288,-2054.0119469153115,1.0
10.114951565604928,5.998170693741779,12195.26329059665,-1650.759860846802,1.0
9.958756518465265,5.955451492032432,16961.343846198553,-1630.1032418347384,1.0
10.127818790408883,5.991590999616955,11770.797771123836,-2239.150942777479,1.0
10.085683829993743,5.984664182991751,11856.0845409782,-2315.2260246207543,1.0
10.021491707047739,5.963466468055571,12147.150552096133,-2116.37825377855,1.0
10.196694659833726,5.983342766646765,11849.251197881624,-2141.2618584145407,1.0
10.12802350351226,5.975106222059554,11797.688084184469,-2376.0417914673703,1.0
10.341364150036837,,12423.1383005283,-2141.6117697474215,1.0
9.766050685151104,5.9620520590106665,10853.011648842847,-2377.341683314326,0.0
10.316317098533784,5.967348749489839,8253.617981224303,-1511.7053940763872,0.0
9.920421218570487,5.965748400055544,14423.117120118832,-1685.345900992456,1.0
10.040972688367981,5.969150028204622,6357.177922133855,-2066.5582062421167,0.0
9.845207372833313,5.975736150255358,14031.161408431533,-2097.5518434805913,1.0
9.757993461748198,5.995547482790088,12987.903902075032,-2291.1557605512685,1.0
10.278067073481262,5.987280512083987,6489.258308448635,-2237.736183474069,0.0
10.194695775266808,5.985475818603235,10281.436376466097,-2182.7339050473624,0.0
9.840162105170366,5.9975467433576135,11288.709211551937,-1855.4638479909306,1.0
10.033564219115602,5.977201994584354,9815.403983643866,-1602.1554956759317,1.0
9.92812129099432,5.997947750661957,4555.175485933345,-1943.9166381463585,0.0
9.986351049204323,5.987931332846998,10601.395170174941,-2074.08570188299,1.0
10.187394370555511,5.982612248152605,9781.015009230132,-1632.3644556177644,1.0
9.957229411953385,5.962089988813788,16029.69128388722,-1850.1568167220566,1.0
9.925095075433948,5.9947328825625465,16166.360484748262,-1432.6943570235576,1.0
9.81831237133172,5.991949964886201,12625.092920887817,-1932.032792034041,1.0
10.07831961110692,5.96234127175796,14837.449477349837,-1731.5458777700703,1.0
10.000745776008966,5.99668854188751,11310.535444099278,-2045.3274289419294,1.0
9.93236838629321,5.987395749290387,9433.11808845764,-1534.5162503803406,0.0
10.206768207483249,5.977781798099631,14480.316636620435,-1917.0537528128468,1.0
10.0208782193291,5.978186115811458,7535.674975303403,-1944.5189818140746,0.0
10.166926350482422,5.971697206143846,15135.80787521803,-1411.1936321055157,1.0
10.13595011324943,5.9685033384893,6773.776371446898,-2454.3394155387437,0.0
10.099235638488992,5.996226759034132,12955.590245813317,-1973.106361717723,1.0
9.98613690814751,5.987483168009089,9510.842208617376,-1828.9989994322873,0.0
9.979490617439438,5.970074673717637,5542.275970478658,-1946.4813057555625,0.0
9.906377420735831,5.9937910304150535,10141.073582484078,-1963.8756877756866,0.0
9.764789398565334,5.978503591866729,5010.3920011130795,-2331.095606606472,0.0
9.9152570615209,5.96911011529701,10735.536870665917,-1506.81179393846,1.0
9.8776730367813,5.992795448953401,9457.391685430806,-2335.708667672828,0.0
10.164812250815553,5.998314506000664,16432.439233154924,-1973.0367820269664,1.0
9.923958848138437,5.979281939742819,11362.122335777021,-1970.9559272645633,1.0
10.04527119819767,5.978867920801413,10541.681588716361,-1685.6833047781604,1.0
10.187092093669488,5.998422676258551,11763.003717662852,-2256.8192330905176,1.0
9.722514797525507,5.971976256265715,7234.3775336211675,-2196.6657583299166,
10.237755763711284,5.976850127651927,9577.382041337696,-2039.4443191717837,0.0
9.846151183656252,5.973622065474419,5683.22012207718,-2358.005771735642,0.0
10.067518024610088,5.961977197123398,8789.531946530587,-1628.7796597560211,0.0
10.006811410695779,5.968711499376269,8736.93449588771,-2113.5241751683875,0.0
9.835195924518265,5.971938643851246,5474.602247524796,-1618.4994263628203,0.0
9.928986058444385,5.9753794366338155,10599.971336939792,-1617.4154982799034,1.0
9.974582728182725,5.97203956963841,7218.782529962514,-2271.6343173081373,0.0
10.000955733355923,5.980568054992901,8246.166476784803,-2256.822029102004,0.0
10.352499539015932,5.9784466177276006,17043.878448825184,-2211.8054622203726,1.0
10.154024165025687,5.946178130633272,15882.08864733632,-2016.4853926752999,1.0
10.170493351626135,5.956679946602767,13411.71716545057,-1845.9536900072194,1.0
9.88440112414595,5.991458037195389,8176.882196256224,-2519.08992202343,0.0
9.986038854159867,5.976664063087983,11716.92972726901,-1779.9268487493575,1.0
9.981765092352356,5.978669153482643,11404.629916077653,-2499.0797092614125,0.0
9.760583721029693,5.975803449530333,5539.934388327089,-1904.7583164299633,0.0
10.053975539716191,5.993726853750309,11323.404405868783,-2027.759345951867,1.0
10.061353374812391,5.970432460761363,13899.981845239841,-2131.1229428079655,1.0
10.050145301416952,5.987867931688931,6400.435514983575,-1572.747175894259,0.0
9.957394699684883,5.997511754200481,11288.728157499665,-1881.8141915341312,1.0
10.157598604709557,,14672.593288023525,-1707.2462892460806,1.0
10.010518309378577,5.986973101867044,8091.462474435687,-1875.9966808956008,0.0
9.896020996227078,5.997325516366346,11556.536618461792,-2500.6669055459997,1.0
10.045049039116229,5.980386560671861,8645.253320756436,-2201.824060862678,0.0
9.801879359214418,5.969736813489305,12251.750890777337,-2152.4851693598507,1.0
9.866792802311014,5.986836079795418,6800.950789772325,-2079.2186459884406,0.0
9.997740827953852,5.964305179526678,12870.262242908579,-2003.9140018015705,1.0
10.217585140255927,5.967201613285662,9162.307278061418,-1549.0593346304825,0.0
9.929954178821191,5.997372882299669,7378.073609807601,-2217.0475511860263,0.0
9.970211956234548,5.9900352241747505,16746.27585610289,-2089.0938322643246,1.0
9.998428053952136,5.971808373974181,11377.942411397518,-2055.3950469085535,1.0
9.699213292295513,5.989199865596259,11976.23368151993,-1768.9300094756059,1.0
9.9958844528615,5.981237404941073,10370.484852592474,-2447.892958386072,0.0
9.830324881200726,5.997737005820199,5350.864426798953,-1543.6870082942921,0.0
10.148879307860977,5.969196939587882,12751.959543589444,-2145.3377103499542,1.0
10.043344896250597,5.99047259093212,9611.76931335622,-1864.3468216513152,0.0
10.05769143038748,5.991567968239962,4242.44973354495,-1955.1909515996217,0.0
10.115866201489125,,6567.459730373095,-1670.8321473831415,0.0
10.092916782634884,5.981945593630686,10248.580313056449,-1428.4228753074012,1.0
10.14799896105024,5.977085173193109,11607.974019537587,-1404.2086050888379,1.0
9.971401519476176,5.954294295755866,12879.292682884494,-2083.730999513896,1.0
9.840907052898771,5.9803370634277195,10963.210040221422,-2284.7452121334313,0.0
9.94256148299276,5.987518597927891,9897.089858120571,-2326.9201399883386,0.0
10.101514469096394,5.988933979510742,4971.949438002156,-1897.4961924327647,0.0
10.029600275501776,5.984587749293328,9661.191885451133,-1421.699512273006,1.0
10.050516133802795,5.9701089250454835,4646.207644008553,-1780.6798767549917,
9.998653082028278,5.990682368226135,9085.704841461487,-1572.472756871833,0.0
9.893407388271372,5.987860671506599,8335.096628610883,-1675.3240822330717,0.0
10.091174167527186,5.964329480005784,9705.933429309684,-2108.579415369184,0.0
9.940991909615754,5.984755317922972,9736.464709428092,-1456.8925110531477,1.0
9.940063748836616,5.984567850576419,12117.47294050456,-1773.5963914130052,1.0
10.1804391324512,5.991949165535814,10397.898848954193,-2151.390671159247,0.0
10.118102752414883,5.993155682688508,13046.414296202598,-2334.3934591585776,1.0
10.223852403769088,5.999434032549782,8104.922807832835,-1838.7228314995066,0.0
10.20997908071806,5.969229134049201,15065.05921944433,-2254.173058703966,1.0
9.935906052481819,5.9680342938046405,5587.6402211271225,-2345.8487513446353,0.0
10.02332455732159,5.994822321111377,14100.325900702714,-2101.636588444344,1.0
10.166246710113723,5.965219028643395,12261.771196138496,-1698.257573817837,1.0
10.23223820483559,5.997333632534606,7933.205321356327,-2118.317434421813,0.0
10.170013888397968,5.994829418156534,,-2551.2906183503674,0.0
9.98781595907181,5.991725101900427,17147.194507796135,-2180.5392002846265,1.0
10.172208922951167,5.992979793674781,13819.783521676552,-1930.8384575631894,1.0
10.064885606488081,5.9731170173402806,13334.95345119505,-1352.135231223355,1.0
9.911245431943216,5.965647489806048,6411.7565283994845,-1611.108114675056,0.0
9.80447745694744,5.98917243385892,8953.868219939759,-1743.2995022661069,0.0
9.781094829404068,5.984838010985767,9987.946453376646,-2360.1556321345092,0.0
9.867231466642217,5.962639471795882,11284.769575647559,-1652.0503791356434,1.0
9.779446118995645,5.9695571441986655,11825.80677707205,-1834.6636288045975,1.0
9.934416470185536,5.993170837565732,6831.81085758937,-2052.754928629449,0.0
10.25111275578402,5.953486420279509,13842.528470897823,-2065.5500336990344,1.0
9.874811599310378,5.956951271474576,11310.2828691382,-2011.584711194938,1.0
10.262918012314767,5.970071448108323,8516.906932727274,-1920.0885464441674,0.0
10.09925225459693,5.979417963557557,11970.6007521119,-2428.6026899939093,1.0
10.213734208119025,5.950130995835885,15092.94571581212,-1660.779262723837,1.0
9.97805175257003,5.980249688341824,9878.027074048614,-1552.3877339884132,1.0
9.915783027492834,5.988026728292657,14968.000283605432,-1889.9569923689066,1.0
10.335826325862381,5.966001611558538,10212.292407932257,,0.0
10.248970759241574,5.991054099074352,10960.78102087913,-1790.1793294068164,1.0
9.908531885146088,5.948702251788125,7799.078484585853,-2520.2219243928644,0.0
,5.9785840566416555,10439.765024071472,-1853.0502255792235,1.0
10.158920496752613,5.982237172953962,9358.91271503989,-2518.3047605479524,0.0
10.065156503354237,5.989935511503566,9438.04045327477,-1914.4571725964347,0.0
10.105416746656639,,7428.147480420459,-1908.0486551547383,0.0
9.844205850369411,5.96135958645011,12982.573625268007,-2175.5455159285157,1.0
10.199943466594101,5.9532199181689505,9722.790771472004,-1831.8553345413109,0.0
10.068980360556875,5.948945922971313,4718.283155287119,-1907.2377379687318,0.0
10.277853022166877,5.974368744860173,10988.003082996529,-1802.0506737216556,1.0
10.292337279203819,5.969952987096243,12666.52142142056,-1862.940348272284,1.0
10.24359483339094,5.996464209542637,11072.363336012324,-2449.2216209620974,0.0
10.286323315200928,5.997835174863435,11450.893187538177,-1865.89662176818,1.0
10.00308828371643,5.996047673827802,6481.757558388474,-2207.410364044063,0.0
10.001380951130649,5.9858108745128495,7792.301878465735,-1517.9693091477382,0.0
10.15816242302689,5.993303304010215,12491.854075814914,-1973.7792317124818,1.0
9.85641250323812,5.95863473626506,5439.768076467571,-1924.8230495088203,0.0
10.239481540004205,5.995270511962481,8570.972762091202,-1965.6420333140811,0.0
10.169450335253856,5.957959465278168,8024.68552484172,-1441.6777730509557,0.0
9.947395818162946,5.987266654706148,10620.796241095302,-1894.5844637198286,1.0
10.347575315539123,5.982896870033113,14810.571324711942,-1974.8472671078002,1.0
10.247824502688035,,14157.392917594792,-1906.756764804058,1.0
10.292425405409578,5.998189098955831,8667.392499749883,-2278.4666348924143,0.0
9.805376539333285,5.999902306049272,6659.297497398918,-2049.625420482795,0.0
9.809237290061684,5.972067369897623,8939.858200419605,-2441.7807108720003,0.0
9.966766920195374,5.954408979613781,9423.302362987932,-1629.2549096155951,0.0
10.163965713013331,5.971430090363796,6004.498655963726,-1865.5482973145809,0.0
10.038827044222842,5.998386148403702,7880.782340859031,-1480.4030205091997,0.0
10.119564713794505,5.980768452896744,6960.4025341971965,-2363.4206005518727,0.0
9.995159592651246,5.9883465163655965,11462.750260704857,-2283.6318810458115,1.0
9.831606535697059,5.992478119439367,12839.90255698199,-1785.4613558520564,1.0
10.205515191688669,5.973499360966655,12454.164344607154,-2030.5441524200403,1.0
9.925523888834727,5.977988407463683,8146.0139633623,-1523.7209020751377,0.0
10.116787479808565,5.972719145339183,8247.13380778462,-1675.9484334181882,0.0
10.021885728771974,5.976444328426485,11671.527866461343,-1979.1783934647267,1.0
9.997934658370681,5.965918697316618,6667.554376855763,-2132.5464563453634,0.0
9.957710426161443,5.98447859870542,10819.268350913002,-1823.5481497443582,1.0
10.03821964041808,5.995311205071122,13772.495914079005,-1837.1392135893914,1.0
10.125701281074498,5.992814234499108,11617.90596548237,-1462.9612225447038,1.0
9.700362702682918,5.957135506680653,10804.304337485804,-1989.9220780512687,1.0
9.914970711623802,5.976404708978827,9234.41020838526,-1425.8430637438819,0.0
10.162475184463961,5.987604398665656,11294.539106628326,-1408.2102378833388,1.0
10.19724424385494,5.980049085762279,13437.897929117684,-1853.3570749435908,1.0
9.958824182992966,5.982528468272888,12427.523846352791,-1553.5350075745293,1.0
9.832111513866197,5.967621338117537,14048.384758534232,-2093.3129978928487,1.0
9.709925467673916,5.965116840961708,11161.307164046262,,1.0
10.162560191401083,5.977857673123866,7406.918678706186,-2189.1629454658887,0.0
10.025129705400666,5.99018348165841,11226.917241835152,-1732.1923050170712,1.0
9.877108634871902,5.979978204889522,8305.689060723806,-2331.57699682246,0.0
10.106930595811287,5.9792657491563,9954.323970446216,-1997.9752603743846,0.0
10.064844606447464,5.992242621793647,12762.245427939499,-2301.2343579738613,1.0
9.938506548316257,5.9942795566017955,5281.846287860118,-2196.165078940333,0.0
10.04668878447798,5.980662893764774,15367.116987324125,-1647.9760403733094,1.0
10.145429784519342,5.998490481869415,14287.517021974998,,1.0
10.226621057055691,5.964136140090293,10400.117239883832,-1587.7255076506126,1.0
9.827647914932806,5.988577815426339,12123.589087910515,-1776.3951268560045,1.0
10.19155338510472,5.983758640708464,13365.953440470039,-1753.922109245827,1.0
9.87088725938383,5.977021285325908,11755.246971734901,-1646.3713713244433,1.0
10.04915401282234,5.984974746969956,9158.674965538896,-1854.605813890184,0.0
10.084820432553185,5.98708242181968,5702.05361088913,-1778.8928596935652,0.0
10.08082526110433,5.982426654078124,10510.073404482147,-1947.491826627449,1.0
10.143532341964512,5.983343733810951,10060.98691304348,-2617.632591668489,0.0
9.999862866171972,5.978449619181369,10802.319936247195,-1573.8482187462198,1.0
9.838819744143466,5.9965101859561285,6501.007146296753,-1966.5936319062416,0.0
9.984767321565208,5.99358898250963,11925.648386886884,-1759.9099988378177,1.0
10.013847552799561,5.959406372404144,8314.611123159508,-2265.003328470465,0.0
9.857069528213167,5.996135480411582,9925.339777732313,-2137.961684997332,0.0
10.115926523459402,5.974611414185261,8088.5784905310275,-1778.2988103342946,0.0
10.003388312864907,5.991729523887235,8838.702552505238,-2092.44515000794,0.0
9.992077634678374,5.985606081594955,11136.036417368534,-1759.3961707710314,1.0
10.25796899193749,5.994345789331131,16839.05661229556,-1572.0975508343422,1.0
9.809274977660234,5.971990765859573,7452.51277796348,-2027.1724229290633,0.0
9.971680004508016,5.990897038414522,15843.79714429429,-2151.6866693205943,1.0
10.022368945883747,5.979513336765771,11169.635463819268,-2047.6230030191732,1.0
9.904839591479112,5.997027448902723,6252.559245541563,-2073.6196980108984,0.0
10.058005564232133,5.998722884537049,6382.653983976524,-1995.0954133923299,0.0
10.0322526389715,5.994538759366953,10454.23014627928,-2237.9235825239293,0.0
9.995280710648032,5.966712367289607,11562.748122830217,-2167.3269119797947,1.0
10.21273489875669,5.989417029270661,10495.721138277751,-1784.0200454315263,1.0
9.878049818911547,5.9854903011489275,10195.313279189306,-1681.3805493396383,1.0
10.169704851680486,5.966244796421402,10672.891724715779,-2095.729972130886,1.0
9.746172161119556,5.989714860258881,12612.62135065726,-1699.9742042862522,1.0
10.108549992082906,5.990570673623751,15679.261978834737,-1721.6514186332495,1.0
10.155795358976368,5.9952581444112525,6002.544005721046,-2318.207788584958,0.0
9.895468039852913,5.991863866833414,9676.27032718427,-1629.815410628002,0.0
9.782485389989821,5.997549504199248,7210.8385554141005,-2050.8919723737845,0.0
10.20330050901643,5.9675110854933076,14258.53060740003,-2075.4154087262514,1.0
10.26128958650427,5.955046401708007,14971.248329780832,-1820.879664441267,1.0
9.867860997335839,5.993589375007071,11111.695838939298,-2021.5418330668538,1.0
9.947585124323536,5.981718239456197,6575.056951417676,-1625.718278516048,0.0
10.032435265878929,5.965111483407561,14200.625176732894,-2263.677938850835,1.0
10.259612253380046,5.967691032390017,11447.878541684191,-1614.3731395398497,1.0
9.878743654961644,5.97721588054157,7689.221110929738,-1993.7982700738044,0.0
10.052994349687573,5.964112062287015,14467.082389476887,-1771.6190322426944,1.0
10.154747772862828,5.980928606296279,14974.104084663515,-1905.7273736846964,1.0
9.778959811843311,5.96255849332908,11800.122385353709,-2354.1151799449917,1.0
9.922397657513354,5.9863452223573725,11415.382208443407,-1724.2302863535128,1.0
9.941584470859597,5.989047569291954,9860.900951637395,-1908.084928594329,0.0
10.250860539017228,5.9888630079302105,9799.984293111682,-2122.6822264700545,0.0
9.912756206896614,5.995707523509665,10988.218745976501,-2101.4774798575127,1.0
10.023723591646798,5.984625875230217,8751.29592640199,-1976.0369524335747,0.0
10.179799953506937,5.997853465913415,14330.52938646627,-2044.5078117299918,1.0
9.821601635306022,5.991992498968278,14476.84210241282,-2080.6965396949063,1.0
10.182486751394354,5.954911681827288,11080.400091027665,-2559.3857100729424,0.0
9.898448434621274,5.9979565850886045,13100.183862006084,-2330.5295225290733,1.0
9.955360134259962,5.9973218285144,9047.447874213965,-1931.68946073602,0.0
9.927762796855895,5.977363915675146,11606.86945615286,-2303.9390392613677,1.0
9.968240269715055,5.980878253740312,8292.425125513078,-1679.9567913477413,0.0
9.89248777877974,5.9963903687481785,14663.481001925256,-1503.5964331085988,1.0
10.233172105977248,5.9846634548885085,16571.70206527206,-1744.045029425097,1.0
9.78399462364981,5.966078051956013,9574.46321283037,-1885.9326438035168,0.0
9.999735323682561,5.968414937633712,7853.112640418326,-1391.5038506264632,0.0
10.297142860017459,5.983361579884259,10423.264438124017,-2033.7740051129583,0.0
10.152218508836127,,13217.808989128906,-1827.8508129072352,1.0
9.828874559227364,5.960243327677586,6130.071971324529,-2049.3567078704123,0.0
9.976145370776663,5.982010893550597,8908.182333437275,-1541.9074068174525,0.0
9.98667306644263,5.992156034800099,8136.89402450157,-2510.2001971960653,0.0
10.02232569318685,5.983327729481269,12360.20408849795,-1913.426870262051,1.0
10.010301523029264,5.966803437370372,8639.636642075828,-1998.7867338899264,0.0
9.774540803506905,5.983015084584493,5910.1725417502585,-2194.9431639842496,0.0
10.261907008006572,5.996574176750222,10319.668734390263,-2074.387237189183,0.0
9.707318331805736,5.963799055795642,7024.6321197636935,-2129.852770749474,0.0
9.950100067885911,5.965401486467756,14237.752744387448,-2145.5120753071797,1.0
9.927363710526263,5.990426549303463,8329.647501812375,-2034.1015661218928,0.0
9.878727676040134,5.994591815846092,7504.6007193467985,-1841.669697505678,0.0
9.84166516568597,5.987395243775137,11161.067823457985,-2206.233938051273,1.0
9.92054450202629,5.9925483166524565,11194.4717446462,-1903.13429039965,1.0
10.134073580535448,5.992393170768452,9158.350774061866,-1791.5918579306292,0.0
9.876689476639893,5.963584914894109,7523.972158382269,-1700.8718311881876,0.0
10.327931233062644,5.9725541309763654,8671.33338847122,-1786.5254795957737,0.0
10.06797216516102,5.991316631333674,6606.964151626749,-2513.4998707200325,0.0
9.831025270755418,5.993812452980273,7233.702269952804,-2577.7359919563805,0.0
10.194812867943092,5.978976558291186,7057.362957856353,-2133.2235924355527,0.0
10.126037625498816,5.9982936242765925,5441.619745126409,-1837.2633879021787,0.0
10.020640504114313,5.990877076263767,8424.196728609504,-2042.1343122446078,0.0
9.808138628362087,5.96935947595039,10796.885320862702,-1750.0738533998178,1.0
9.820561529908467,5.990687015943256,13770.240967306745,-2160.541089337112,1.0
10.304365650972684,5.9621822219813305,14480.380417767921,-2298.564032107383,1.0
9.94299888058827,5.990013866962702,9915.884172594428,-2106.6460190526464,0.0
9.848197432098125,5.984130915586512,12334.526324231736,-2027.5032473784827,1.0
10.369842038085745,5.96917110422755,10966.030881266966,-2359.520754744076,0.0
10.159284870012666,5.9932225749768975,9158.804229106683,-1798.5631542009023,0.0
9.886982107801938,5.978168851875783,9071.814802608304,-1996.6387367654984,0.0
10.018410244171616,5.997494096301693,13951.865695100143,-1376.176253501634,1.0
10.154229171423946,5.986038123429348,7500.008000516969,-2235.096412016142,0.0
9.958643500130453,5.965049203663462,11438.3604356877,-1615.0687605376145,1.0
10.280707923420994,5.9799111091235755,9463.777202995327,-2037.1171738011944,0.0
9.780280693488573,5.99273258560661,13222.835240725612,-2080.9452014472927,1.0
9.993796709655347,5.993533373841765,6694.2053381432,-1613.6546789909967,0.0
10.055083192645332,5.989455623369015,7281.889705763443,-1717.4032733887325,0.0
9.858211543249203,5.989798048641138,8099.253213884405,-1557.2746911677596,0.0
9.992611868215032,5.986824605480821,15193.779977627524,-1674.7628200272363,1.0
9.729053263613661,5.964884114068638,9584.09110161911,-1608.115334913568,0.0
9.910607003131009,5.982907869788464,9283.691397983639,-2364.7954082610095,0.0
9.761339078709673,5.9938307318597195,13629.406507983385,-1904.4139173027158,1.0
10.080976589270433,5.971469377018503,10171.663769322518,-2011.044347793793,0.0
10.166329152686409,5.998477330881634,9753.737329739888,-2252.5966131485598,0.0
9.897148198105088,5.996598243265347,9919.624041913887,-1785.7873062866918,0.0
9.871936330227957,5.985896379075218,9406.99872470408,-1741.8365863693302,0.0
9.796398765175265,5.987216560839259,8645.350410637968,-2133.088583258595,0.0
10.1555131326853,5.982012227728397,10078.36224284021,-2001.1443612363832,0.0
10.026924933644136,5.994384297850385,10390.289274064795,-1859.784054935151,1.0
9.785246203612662,5.973676374240688,9640.243345381974,-1436.443230965146,1.0
10.17848482981647,5.963232712356519,13037.29061152595,-1732.2190516128298,1.0
10.037651712013684,5.9902682572828105,14792.507210283182,-1692.293747623177,1.0
10.237991478495797,5.968299444280772,11380.86132802695,-2006.8491118395968,1.0
9.98006625034838,5.960062372681509,5573.966400570861,-1800.9385655070757,0.0
10.057960540292704,5.960803379735849,11865.328059308147,-1824.2136247651842,1.0
9.916605178455626,5.971665988454901,9297.084410241241,-2326.5910784531115,0.0
10.141825541019069,5.991710512382591,10848.904175346279,-2042.784573094146,1.0
10.121166502361952,5.9666494860754025,14727.548904859232,-1756.8659563251733,1.0
10.080605412594794,5.992035235141449,8397.563904761499,-1495.140714552103,0.0
9.893245832808187,5.99112949816299,8206.642772121117,-1933.5047501115982,0.0
10.011985295919727,5.997658851851119,14907.272171161525,-2147.6796538850926,1.0
9.88252998015553,5.972912920241619,7256.237652231771,-1833.0159468579304,0.0
9.857836217069908,5.974137323760279,15117.030694818539,-1785.0919903084862,1.0
9.963039859564407,5.961863143501785,13363.809356181959,-1841.3837401168364,1.0
10.07537580961909,5.977724269219976,7456.377889802878,-2058.358813563353,0.0
9.7691088768099,5.981597023047335,14228.212218282448,-1928.7232107591512,1.0
9.783333976114376,5.985775371055014,8362.646375193233,-1634.1598811578097,0.0
9.905871047096912,5.982145046602989,13354.92770932217,-1852.0214190946338,1.0
9.734833524061443,5.947959285192316,7912.151493569548,-2541.994416010468,0.0
10.078730937279019,5.977810357698302,10569.650977544303,-1914.9456190692447,1.0
10.07192873210195,5.965400041784363,9806.921108138036,-2435.3121241261188,0.0
9.94876048368352,5.981714181235468,12948.764368235352,-2109.6352733570457,1.0
9.72809066173669,5.99166706560638,6387.2141445983125,-1887.5534277812956,0.0
9.970843497113457,5.982646603707518,8175.16302155874,-2141.486357454948,0.0
10.012773520548452,5.990523394785693,6841.777415408062,-2217.137403472718,0.0
9.756537424290508,5.973284609241607,8507.937818887573,-2295.8282397683415,0.0
9.936939812455094,5.998090452953688,7778.458376001794,-1857.247783623364,0.0
10.104608621633666,5.992424280152391,15699.469894675796,-2078.3621437636184,1.0
10.187427699954922,5.980499375944534,13682.669134036092,-1572.4148600460162,1.0
9.926745627286751,5.9700029929535425,11330.88919536855,-1902.375865219909,1.0
10.045019630177102,5.988492423819168,10530.126670650408,-1813.683158647967,1.0
10.153220054717156,5.97748004084444,13272.593449023112,-2380.95341183818,1.0
10.016553524174293,5.993100488943528,10480.160335717152,-1892.805506077023,1.0
10.120335479501378,5.988967894875821,11747.368845580064,-2282.646809608987,1.0
9.915454351657571,5.959156139023235,9549.754931753287,-2378.2343212248816,0.0
10.052163008153787,5.981998064513733,11461.34124539406,-1921.0925418180605,1.0
10.041257139541017,5.974533348427347,10749.549177518818,-2213.7732204687786,0.0
9.861341037054942,5.983066724529349,8503.534873276649,-1798.1680739664355,0.0
10.094617799314266,5.978908614420977,8884.26465296804,-1566.8496044137564,0.0
10.036426198629103,5.988428553775425,13349.50538086078,-2185.514533629342,1.0
10.050257165977104,5.957595878249617,13400.788503706737,-1656.6736950503262,1.0
10.004830729435078,5.985892452477246,13422.938088117287,-1666.928723022866,1.0
10.016399568761932,5.995859335987839,8555.507106406501,-1591.4696773404391,0.0
9.855872765120024,5.981959461639925,15427.533960416778,-1917.695519778698,1.0
10.29126600718332,5.996130142104916,12033.226955546737,-1729.7551404012413,1.0
9.99327398764962,5.974229692694258,14078.804730487787,-2184.3084055057748,1.0
10.056003415554827,5.97418319615707,9873.711429899553,-1458.2505092482925,1.0
9.96392331474378,5.997497597049506,9505.251892958868,-1519.7444991446296,1.0
10.064931796921542,5.95321609053999,9460.722477823656,-1637.439704347553,0.0
9.92984817082641,5.981343636354586,13229.60749239406,-1901.851723188225,1.0
10.100376314276836,5.963269759468311,7278.435518115538,-1964.513293386609,0.0
9.922496009511194,5.989113764946874,8460.991505633727,-2391.963846293651,0.0
9.954592392692447,5.959905341435717,13160.89892516335,-2465.5375328470186,1.0
10.25567083703367,5.983864324917199,7999.6875984893495,-1829.6013138213796,0.0
10.270549797139303,5.986079958289975,9154.440644717522,-1747.2618084043866,0.0
10.213930705692933,5.9766857487432885,15812.198129909342,-2029.9363043835067,1.0
10.134693510356088,5.976863085276386,10472.39709534996,-1928.92210728933,1.0
9.886682676205304,5.961239643901245,10079.768587406357,-1659.9361180200294,1.0
9.878506937325405,5.9774881402392435,11524.744343459877,-2122.857100110123,1.0
9.754068255356051,5.981144576965147,9239.481956735626,-2161.023404496762,0.0
10.284055607542648,5.965558165171792,11402.633577803268,-1590.874399920103,1.0
9.94439418382274,5.994100077030798,11531.246590366849,-2098.926834831822,1.0
9.792520521324855,5.952220709078149,12295.25475519704,-1762.2027313710182,1.0
10.095344348428817,5.985934190646081,13977.073666759823,-2150.821066491598,1.0
10.338376693727023,5.978366599262519,8050.9207288581965,-2170.1984586956523,0.0
10.085374236343338,5.978535836355875,12725.443469209604,-2405.671508787717,1.0
10.05542501196044,5.976663625451947,8619.795267565925,-2391.815447672955,0.0
10.085760377275827,,15733.627990592586,-1604.65653200172,1.0
9.841564249397145,5.989835292075431,13570.491348548438,-1844.9926276768003,1.0
10.099496644350413,5.997146630236029,16686.46812625023,-2095.8220778926275,1.0
9.739952810328626,5.980238045591975,9242.07592401014,-2106.4938676407596,0.0
10.109396672119026,5.983413320318451,9006.457606502408,-1695.0964974459441,0.0
10.075092109185846,5.979808311641895,11993.190970997268,-1446.4461091996786,1.0
9.8343337396976,5.989019878114389,11896.169795302972,-1528.3125101552562,1.0
9.90116196020293,5.998949040733665,13435.954677167696,-2383.0815983051984,1.0
9.780863900162318,5.967022222673847,10681.50185775946,-1931.41218755262,1.0
9.979559229499246,5.983534092305544,12751.706171574568,-1781.5736909170234,1.0
10.121441690630235,5.954952692293124,10090.456153710606,-1849.917474706772,0.0
9.921772517771187,5.9966960552277575,14102.646437295123,-1779.5022871565484,1.0
9.86964103376062,5.9969950650079555,13347.715210732185,-1965.9106004739617,1.0
10.136679889639348,5.994936050952635,8684.227357397995,-1750.9502898627177,0.0
10.092812801083777,5.975044303993616,11675.795808980298,-2233.7658023160398,1.0
10.169317434405997,5.9983360179550935,6519.076290164785,-2369.395415402527,0.0
9.881346358303391,5.986895091237274,9377.580949094929,-2030.2090124736349,0.0
9.746447619175417,5.963954401854076,10054.810425184825,-2082.208426122942,0.0
9.739984941362518,5.9630501837489875,8820.0320695141,-1719.9642336553727,0.0
10.255739613831002,5.996709048574403,9397.054003147128,-1909.9149072349476,0.0
10.092685889799576,5.99442208575668,10459.69832765144,-2013.0027275794837,0.0
9.815997391608576,5.994955990371413,7592.164602582092,-2581.5294206596554,0.0
9.99546949061885,5.994074568124368,11092.773361238096,-1720.852655739266,1.0
9.907225970124614,5.966467575781909,12193.674861076603,-1978.5463120145748,1.0
10.032310308378404,5.96576767737922,12161.451035250735,-1987.6904269553504,1.0
10.068359247824676,5.954515164587946,16259.23063845266,-1785.841478491718,1.0
,5.979096975444567,6517.619396356194,-2029.2548895330594,0.0
,5.969969760449645,7561.438347174518,-2332.862746692824,0.0
9.859606123883694,5.982120992204954,7395.596638263088,-1875.452464717974,0.0
10.087169628318644,5.991684134490488,12271.558022751164,-2445.2039935833604,1.0
10.02162129305341,5.995300063507127,14600.105363665762,-1579.3636404549313,1.0
9.975744830794895,5.966628620742811,13523.070318022488,-2326.144559429498,1.0
9.880115764095159,5.994425684150023,9368.10423552072,-1823.6074571650843,0.0
9.938109286949658,5.9932972261384405,8363.263795426796,-2519.1792000992295,0.0
9.840528714420362,5.989610339627281,7463.279244787464,-2124.1097630298177,0.0
10.056288724853763,5.967763407789319,8706.22542478972,-2169.8177065131226,0.0
9.95749416186444,5.988412519019448,7356.455624636888,-1803.26061025732,0.0
10.010650908079024,5.984491957354886,11936.190946494946,-1837.9959656575722,1.0
10.247410750810161,5.996712287346017,10203.639126114544,-2054.7289725876544,0.0
9.937358514153878,5.951211919448088,10768.03351824886,-2018.8919146871424,1.0
9.844005272833538,5.974098503295587,8134.561721505841,-2446.5054740103506,0.0
9.982028157367449,5.96994144916276,9370.111168501695,-2353.879960644399,0.0
9.896530327521118,5.968344888477272,5478.575829636127,-1766.519875822601,0.0
10.059018564895455,5.9837691977309975,4636.769416315361,-2511.1150313063404,0.0
10.273637309229656,5.997022513137791,8427.618756258425,-1546.2551393004198,0.0
9.969108006855862,5.993162893821382,9487.94119671531,-2329.6244532642586,0.0
9.769337575450782,5.946346092896499,11956.568333101279,-1641.2940901876473,1.0
9.979992810054995,5.987734803675656,11331.941514961265,-2005.7547739561298,1.0
9.993323337043767,5.982592790001022,11842.550087257325,-1955.472529673007,1.0
9.90482975099849,5.988711848904893,11147.825953949015,-2381.95794543981,0.0
9.88431132473915,5.962665335530469,10745.31166660089,-1998.7599277562051,1.0
9.918699801761182,5.961373342890653,9010.579885800777,-1956.43401546746,0.0
9.944690891726276,5.985509770098381,11469.038341281524,-1589.1291721583623,
10.322646707052831,5.997112134314368,9962.106054745987,-1834.6861920243327,0.0
9.940036344262571,5.988715341913444,10234.879182859117,-1980.8693308056895,0.0
10.231876227282637,5.965101602411205,8266.245680571923,-1513.455459651365,0.0
9.859218294596758,5.99720859631593,8855.470820488605,-1848.8962297114224,0.0
10.282642527349799,5.963651335590116,9605.651722722614,-2295.2600845767474,0.0
9.976564226786854,5.990672419523567,8323.31275382346,-2155.718013976763,0.0
10.378814685886299,5.987406170704337,10562.480830380733,-1999.8773800645247,1.0
10.074372916439218,5.974000583505312,15121.010450366903,-1752.845544275876,1.0
10.11490668245724,5.995745173185137,13011.133477485595,-1971.2831358173667,1.0
9.907678440758025,5.986613638643719,6309.057552862347,-2005.5612389763373,0.0
10.07113277383906,5.958563997460037,5928.494239673993,-2201.007845440172,0.0
10.016433819135521,5.9926192619717025,11430.741298643277,-1698.754931190716,1.0
9.780530126666616,5.975823238286832,13800.748870336885,-2115.428376044372,1.0
10.024421638715678,5.9698362905406155,9553.148382895766,-2198.014857975737,0.0
10.116722926804322,5.9674529047486615,9768.70735437483,-1566.3558906451544,1.0
9.96950641061247,5.968397392951006,8516.312584068557,-1956.7191574279486,0.0
10.236174113273345,5.982035431094589,10591.613219858154,-1648.2139549010915,1.0
9.842415316430419,5.9979864604530775,7708.375747729126,-2201.81150785138,0.0
10.063837251361127,5.987631478047696,4420.556439803905,-2482.0047048384204,0.0
9.981569912334464,5.976498275249894,13993.559742830872,-1940.7706495859916,1.0
9.938678753428185,5.984627452530859,6281.987703772414,-2085.955179298038,0.0
10.076903220431822,5.997624236269404,6853.540477333564,-1478.45591299676,0.0
10.266692667537047,5.964563773447955,11479.24488210649,-1822.8327812525522,1.0
10.167510219264532,5.954140630119937,9136.604268067265,-1528.6258103358607,0.0
10.201501408752717,5.960794312831633,10678.703474865632,-2312.499086811534,0.0
9.849945864891342,5.973374258436858,13537.825224013566,-2408.060941303483,1.0
9.95781976300837,5.994998293938637,7305.985268589498,-1986.7494170911878,0.0
10.299207987486756,5.957037011314289,7042.655103444558,-2349.8170386867373,0.0
10.064814421231867,5.9779587420041675,8955.468136295793,-2020.4136422329163,0.0
10.233445925836142,5.980272590784121,10327.25945769722,-1715.0436725711445,1.0
10.257445278029019,5.98218656400918,13922.986464164249,-1506.908209659513,1.0
9.813375880228715,5.954762206700334,8818.434862156308,-1893.5984514807374,0.0
10.127608448700556,5.957281428311479,7497.636615395923,-1599.3716877654363,0.0
9.879510642223115,5.98364321793413,11493.076573707458,-1891.8019344932443,1.0
10.25185176094252,5.9730784248978654,9341.10507636214,-1905.139161993003,0.0
10.058820586341042,5.998534025441392,8940.42632220282,-2301.026412670224,0.0
9.962528018155137,5.95796346287817,10525.74353626488,-1707.1962813777434,1.0
9.760854406694733,5.976822764408116,4987.60029875899,-1730.4204397581834,0.0
9.706642265504913,5.981709280290922,8960.688099581861,-1815.6807388009763,0.0
10.22442041530431,5.987652166579089,9832.674915962794,-2321.2045372204307,0.0
10.09000049269127,5.991847496253008,12956.851683319666,-2170.5909931105994,1.0
9.977115708208595,5.970555490607241,10739.681531182341,-1980.631865826922,1.0
9.736354574122764,5.964220003177638,15881.863178854768,-2049.9988188240663,1.0
9.833808041777777,5.980634110693354,13844.076792611586,-1890.9292613448033,1.0
9.845619204663798,5.989208216669411,9317.93679198115,-2121.9085536390794,0.0
10.031504870695013,5.959268116606517,12227.19191610142,-1381.2540334838454,1.0
9.886543592973132,5.997143384123481,11266.551958967411,-2085.204424023611,1.0
9.992298488778298,5.996120242034012,9245.4095808606,-1669.4452661421358,0.0
9.976569129804851,5.977124190003831,7989.46272069827,-2417.0482721764633,0.0
9.862230710472726,5.988953878317141,7964.957851006934,-2124.026068589023,0.0
10.168759372356071,5.985818276691446,14279.363730115174,-1761.2042855687978,1.0
10.134552127223618,5.9681366024471965,10102.871949221862,-1465.7395677071204,1.0
10.183941142538902,5.992534102390167,9831.709649090806,-1875.7210937279058,0.0
9.923962373349926,5.958784568773242,14362.872686474746,-1724.6816663496486,1.0
10.251924742252639,5.977180634496072,12623.482772853653,-2032.719668331657,1.0
9.92246525945888,5.965777027104741,9950.586973731248,-1994.9693800776347,0.0
10.058318177696073,5.99830233792256,11475.360046435431,-1896.6642187438938,1.0
10.251261699705015,5.999475888468912,10200.866353742307,-2458.311512035712,0.0
10.167714578218394,5.983118247904981,10332.08123028212,-1752.953649642156,1.0
10.027175785928137,5.97629003715058,14039.756201791757,-1503.1205257333108,1.0
10.089648858640032,5.9775951161713445,14630.83042881733,-1605.4614217441638,1.0
10.346657050194912,5.980573295053161,7532.523264357955,-1947.4438051400755,0.0
9.908385909213386,5.987438216197313,10327.341316799992,-2050.3182818469304,0.0
10.111047472599918,5.986689901595704,10252.628277449741,-2333.4913629002376,0.0
10.257680631987451,5.969545761930446,14384.69122241794,-1476.3952639534534,1.0
10.040504445654168,5.965965316275612,13475.536779235454,-1828.5183506211354,1.0
10.03599433296093,5.984087373473158,17365.667284070707,-1674.471133384929,1.0
10.047598578990955,5.996595362691032,5569.948237805567,-1820.3500755034459,0.0
10.138004109382884,5.985843598242968,14554.673401735128,-2010.9896784515797,1.0
10.046393943418312,5.986666329641179,15796.93238102259,-2054.845136977174,1.0
10.161575058573321,5.996694480582753,14139.368197768408,-2238.9333692895407,1.0
10.180357459270327,5.9653853687322185,7544.177801786225,-1751.0919231145692,0.0
9.916954369122182,5.987766400470176,9655.376515651453,-2025.8351501250374,0.0
9.947565314625367,5.994881824172456,7978.928024465905,-2113.6139840702995,0.0
9.953117099653127,5.989562386263156,12004.248324443486,-1876.1750059213266,1.0
9.91874669429705,5.99123950519326,9433.637239650512,-1840.3877397594113,0.0
9.940995576661054,5.972962719557568,4291.390327746533,-2064.157953815706,
10.11035600941917,5.997793303713112,9730.17532160756,-2337.452276736025,0.0
10.100814398278525,5.9975249785976645,10636.150376770047,-1556.4115510531572,1.0
10.007474166868723,5.991292366922166,7606.111013883315,-2030.8580704936971,0.0
10.084555347471326,5.997364355395229,11686.70534783202,-1922.3862360024843,1.0
9.976375258333885,5.997355991324249,16288.139554242236,-2455.0792516051065,1.0
9.97703680235313,5.968984344044968,8726.068552307555,-2165.209535175248,0.0
10.064350697271646,5.985837367186467,15786.796058616004,-1699.8107145557028,1.0
9.784105090121338,5.968403756778603,12359.95008082873,-2074.146656383476,1.0
10.215519383951682,5.9968559776498305,10519.147108663194,-2081.557902211504,0.0
9.693596950738492,5.966408927897416,13339.530492191472,-2205.0688391281474,1.0
10.047626602624488,5.987506480287304,13212.181031940423,-2140.3280503694914,1.0
9.870007319790739,5.9921130139651995,11151.20834567256,-1738.1322387315588,1.0
9.827207465013199,5.992620535199926,13906.743695240486,-2057.1683745962264,1.0
10.16134128363415,5.995763418533154,10983.006909612443,-2273.7830053450866,0.0
9.815031023330594,5.98555066199757,7888.0638372259145,-1969.6022755533804,0.0
9.85096994389042,5.966662746465777,8972.735446178816,-2232.2148012253115,0.0
9.896062263716821,5.9496296727580935,5967.157198669944,-1776.9607104511902,0.0
9.88347219255528,5.9926495337889,15585.409998081635,-1840.994893922211,1.0
9.987418382138294,5.960301569250956,8355.979841240305,-1634.0857515079024,0.0
9.866323446637967,5.995291789755363,11454.015688767842,-2342.1170432253098,1.0
10.096356733262844,5.991864766742236,10997.014646039042,-1632.7561803633685,1.0
9.985532029782053,5.9677521669881015,6128.543648613705,-2066.956175643326,0.0
10.099262568995545,5.982045193173559,13610.679691806454,-1958.6598025279832,1.0
10.226930803406674,5.971384125692915,13714.150682319632,-2433.061206931712,1.0
10.070860214288423,5.997926395029831,8170.513525528145,-2166.86605701545,0.0
9.979812600466941,5.999262823689528,11466.049843594876,-1813.168873182257,1.0
9.852693511956204,5.982131303875989,9199.549044513074,-1779.7432916164623,0.0
10.193520310931309,5.971826239547462,7249.039524628863,-2235.3718686426546,0.0
,5.983836171018208,12424.69742945987,-1525.4777527346287,1.0
9.80378085274424,5.96449418918622,11035.704456963711,-1951.3597414808073,1.0
10.164635653479676,5.963719093649077,7829.504153011299,-2055.1903370819145,0.0
10.235823871697477,5.989045195110006,15713.36994640309,-2024.5174690266213,1.0
10.29464181863523,5.969953105071942,10003.63645160535,-1935.7243593639291,0.0
10.130244709105613,5.982919578123665,10563.777185857807,-1944.2331965489477,1.0
9.949102394495819,5.987413345099676,11360.289677309256,-2114.992124435153,1.0
9.958798682160838,5.9627036082489395,8836.477954068756,-1674.2414149127835,0.0
9.743649029527523,5.994213995167746,4642.797110754933,-1615.5351572149737,0.0
9.892603010496778,5.990866456563463,8553.962324973634,-1727.2807115821395,0.0
10.122876396381477,5.998230558624204,12056.35201213195,-2047.1794201601083,1.0
9.930747755326657,5.96743557413915,10201.377299155605,-2497.4669146175042,0.0
9.929405142380382,5.95701307376138,9748.368278578157,-1659.1526327110337,0.0
9.741469758661731,5.979062584126866,10297.79037480225,-2408.362139383464,0.0
9.754391961794484,5.994613311528336,8569.371207775479,-1873.3650088214379,0.0
9.982544581265076,5.960649260969819,16228.840691153368,-2008.652461466492,1.0
10.257643701169016,5.993502179685438,14549.098238107212,-1432.3369622833832,1.0
10.014214690019521,5.952328314073999,9627.862082764885,-2338.235841542295,0.0
10.298410416453892,5.99579878808022,11325.048305385037,-2152.8587744775973,1.0
10.087264472799783,5.967632228961583,8470.589931329732,-1471.3163525764498,0.0
10.214437735620802,5.993164759000932,7678.134116372479,-1915.5440142151667,0.0
10.17954389067068,5.991434142170978,8329.257631129747,-1900.3418040926138,0.0
9.925855770040465,5.984758127616909,10858.51537225919,-2177.33427881595,1.0
10.056569411758177,5.9728290732882225,7784.3344868270015,-1971.3032349144105,0.0
10.00322988580176,5.996715684338278,10481.760216502571,-2189.6048568721103,0.0
10.328020693252348,5.982365915738341,9311.572689639028,-1933.5541554669846,0.0
9.949317520266819,5.986803855935163,,-1809.6196152823084,1.0
9.866249911118308,5.96777842316389,9406.081106957881,-2036.3047077011115,0.0
10.227017913173535,5.995819799228369,10848.72071404682,-1418.85286917212,1.0
10.304453266328437,5.975856273873525,9558.65399184552,-1823.565571793001,0.0
10.126916657957764,5.9823597102784065,4906.313341728936,-1674.3534042919164,0.0
10.134204770788397,5.969547976700669,11968.928606208277,-1943.1611415965044,1.0
9.872975330991263,5.968034989214861,8082.025743066088,-1991.581556737538,0.0
9.972746841894022,5.9844328298955904,10085.687784662605,-2248.6170521240747,0.0
10.061432325819132,5.9736255270395135,12563.456414140555,-2162.2321840766226,1.0
9.984742305105689,5.993057473381818,8946.260341913297,-2356.1138739634816,0.0
9.87686760262793,5.989764827304639,5466.185944001609,-2031.8845135852034,0.0
9.896021395953182,5.96294239934981,11040.784465218272,-2012.4919869837427,1.0
9.905472419434222,5.971515783616814,11289.552391529905,-2141.432503703178,1.0
10.076237664505422,5.973139659281891,16061.325320497663,-1783.9037988002701,1.0
10.022264550511458,5.953905481800387,10195.725488518332,-2350.5654121887746,0.0
9.886449385782647,5.981458288221444,12311.3564964332,-1847.8630654307253,1.0
9.88989917849285,5.990930006387876,11287.563835349922,-2319.248956277169,1.0
10.14360623455866,5.981012057078049,10310.321767144114,-2038.1213909555242,0.0
9.96554291114509,5.963188569358841,10985.695836714,-2100.1716102172695,1.0
9.886112113728467,5.998837138811532,8678.479018435575,-1890.2818763276555,0.0
10.071793472599431,5.9812988325701175,13434.69884807002,-2191.42251447629,1.0
10.009820033759063,5.984523070188017,14177.019840271294,-2459.780455781161,1.0
10.150792179918158,5.982608715151023,11844.392723964103,-2268.632676842412,1.0
9.771369210892834,5.963306249191861,8892.884679262685,-1657.6953105682444,0.0
9.793477530802933,5.983131713214499,10569.532720147407,-2225.3333967912245,0.0
10.018359037553607,5.960977877441175,9674.443409366368,-2457.9280506224814,0.0
10.191801992379453,5.993769910237253,4728.051754280158,-1884.889698948625,0.0
9.841796200981156,5.971762621688699,12843.2883130958,-1598.3603797316434,1.0
9.924788312443951,5.977420648599719,9050.360293300619,-1832.0858470590226,0.0
9.84858676200589,5.9969858453342635,13475.64785343167,-2013.3953946434399,1.0
9.995512158571854,5.987796227982791,10122.848212321976,,1.0
10.096374410561337,5.996745581201926,9726.278163621553,-2160.544996214153,0.0
10.0477060348185,5.987134537749503,8902.93577399285,-1714.35006056134,0.0
9.88122152696423,5.964625513395803,10143.275300401338,-1337.0529613153851,1.0
10.058366842758677,5.98158495574297,15362.266385103072,-1531.1443075780523,1.0
10.068953402600355,5.991566826428619,9879.305018944893,-2469.0666010173227,0.0
10.168879084636652,5.998310589421508,14868.388566947879,-2311.2031437942496,1.0
,5.991196620616876,4848.025215708354,-2022.4632160580288,0.0
9.905274441866196,5.981526964464987,10888.559769642188,-2209.542741978784,1.0
10.021900164095731,5.97452165288765,11240.356501434786,-1994.940066839653,1.0
9.891260274142393,5.976332456015489,13650.925630244914,-1743.857478541913,1.0
9.806613777626726,5.978574350370533,11905.861334493122,-2279.4656730358215,1.0
9.800115998733096,5.986608621950132,8466.982848017078,-2216.176107666952,0.0
9.961925441948225,5.981233538348157,5495.397043752886,-1817.6007110593937,0.0
10.019642353542636,5.994737051089305,14396.47586896394,-2154.333378298546,1.0
9.889713951360743,5.994651167363721,7609.294868837227,-1755.066937957397,0.0
9.935960614805776,5.996107499834294,8332.897071916157,-2482.286328414901,0.0
9.966993490204947,5.9939768935591,13292.857788060915,-1881.8069982812117,1.0
,5.991831038743821,12355.215073975134,-1699.0477059165228,1.0
10.161963608897539,5.9867559651164095,8355.553228271265,-2035.1241064442906,0.0
10.055037484090995,5.973323086934709,15089.483590644602,-1766.8632002821098,1.0
9.91243072587531,5.976524496639737,8426.921876005828,-1818.702402576982,0.0
9.826398377459036,5.981757273660015,5445.906626961145,-2480.5665439990266,0.0
10.022110183379597,5.9910748821078394,5558.024367306183,-1741.2412285796304,0.0
9.80472415230115,5.973131885696304,13349.581428762802,-1868.321803155011,1.0
10.277174634331914,5.978516575892483,13901.686189812193,-2037.1265628551646,1.0
9.928999997169445,5.958182410669137,10430.256360463685,-1566.0496042018544,1.0
10.005323280138274,5.963175069759966,7914.840790260041,-1558.6357595995364,0.0
10.27904837955823,5.990058715761907,11520.96121724879,-1697.831759633576,1.0
10.029299400746853,5.961782270118684,16011.717695904103,-2064.3293955268277,1.0
9.876152221651287,5.9709956297236335,6276.929961014828,-2098.139165359355,0.0
10.208080213449605,5.988590430609156,6885.134744808466,-1790.4642052058227,0.0
9.779639361176413,5.963254664271951,8500.76692064879,-1336.8438683157133,0.0
9.913517982999252,5.9615547444886445,13342.087959269362,-2240.3670418373076,1.0
10.055009096358159,5.984389517669841,8111.647383705699,-1433.8375166675214,0.0
10.309569152586059,5.997071993314343,6011.894118475189,-1431.9146457606946,0.0
10.010126049516865,5.9911088716422105,12733.936108526701,-2290.6596792918363,1.0
9.99624037258474,5.963042039130811,8467.45884215275,-1874.433726374616,0.0
9.952673460430239,5.964577659971409,10252.964412622961,-2241.821267080064,0.0
10.176294554713625,5.990303023176622,6941.141601197713,-2054.243722194168,0.0
10.066501065087666,5.996126626375419,9634.760619894176,-1950.5023641011364,0.0
10.170287924156614,5.979982453617688,10255.045902298027,-2447.987440623402,0.0
9.938337864782845,5.984554632590168,13912.428647964223,-1617.2504604168705,1.0
9.991688723605899,5.993856982529075,7495.661963647173,-2199.1902905991274,0.0
9.96995338270095,5.95373769581526,10308.79266630248,-2313.3515146101026,0.0
9.953809832379934,5.994389394814203,12773.663919599177,-1645.0292162064072,1.0
10.120992793285819,5.9748812914509255,11937.98137757829,-2021.2083235917223,1.0
,5.977351985863528,13358.496810765431,-1509.3349972296742,1.0
9.721486784792994,5.960522649019647,6238.75104232543,-2108.1765757880744,0.0
10.222875589772203,5.975528666275407,8451.877634895927,-1819.4704882497392,0.0
9.970857279125124,5.975682537537915,8749.935177648636,-1977.3164870403064,0.0
10.026689649725581,5.9685138111262,10513.087034689668,-2106.268620937594,0.0
10.086032856197003,5.9768685125790775,11777.058361848985,-2384.1440728489156,1.0
10.008668291948673,5.9506608556258405,14600.155563070724,-1912.3917944049008,1.0
9.869539914010241,5.995862419373085,6339.058900176832,-1347.8892086668927,0.0
9.888592658903763,5.993995444827584,4247.854026920425,-1933.1666590536558,0.0
10.204432532554712,5.982187824847271,10582.234286459308,-2082.4940100727913,0.0
9.939277527393948,5.980495969698821,9336.067991360282,-1495.1841639789657,0.0
9.965010880221483,5.965010195719894,8307.347182239318,-1965.4457139507183,0.0
9.817796894969426,5.9855621108969155,11675.52097509267,-1841.6353457675837,1.0
9.897949213666216,5.974214541633478,,-1570.5337587950578,1.0
10.16468548338401,5.987695716249455,10471.845882083326,-1620.6679898200964,1.0
10.020246834264013,5.985460069740011,14158.161781130773,-2066.5715173752787,1.0
10.051042634511088,5.97117035188254,12449.635950935808,-2196.5542646894983,1.0
9.88637751806926,5.993535832711457,14308.503826886328,-1952.3071180356415,1.0
9.995542422374596,5.993867121091114,6367.00728262108,-1650.820558326949,0.0
10.158382307796456,5.962168106454696,7576.9121644964625,-1948.2382406035745,0.0
10.106956383497916,5.959107614855654,10339.81560748718,-2020.7586637601228,0.0
10.002346453799783,5.964249639053664,,-2141.7272575904203,1.0
9.899573297722526,5.989770749191272,8479.691013513082,-2405.9524895586737,0.0
9.98947437218652,5.991178215841939,17234.765072387832,-2116.852113168477,1.0
10.026945076477148,5.952859522836929,5370.138960120788,-2113.6227893495748,0.0
10.010315296680433,5.998485982357181,6499.728000178919,-2172.6544091129504,0.0
10.137692213328064,5.977556280006835,11590.055481099169,-2203.2430063757365,1.0
9.760271503905273,5.998348170103582,10073.827048362316,-2254.2410335683117,0.0
9.935614051145297,5.976980341530311,10942.91348154678,-2524.7371200101575,0.0
10.219063895414438,5.976683567204112,10927.952279263696,-2442.5113119736507,0.0
10.232568408524383,5.971709806485865,7177.734059978445,-1562.9284767081126,0.0
9.861013374439954,5.991469686367154,10871.490579906611,-2282.397384760852,0.0
10.088029042736714,5.980388954003016,17011.517401402416,-2141.9117772279037,1.0
10.014808710698608,5.987369954507486,12522.346578971326,-2372.573841181228,1.0
10.038101359340873,5.965753567551175,9857.825036157297,-1895.2071492294415,0.0
10.219931091708965,5.957976189292107,6291.442303592959,-2068.011567416993,0.0
9.94304578032019,5.993109710841312,6691.892561456195,-2090.8889366826484,0.0
10.312748405071236,5.992019271250051,14673.77931923296,-1776.4090820477281,1.0
9.928165405725553,5.948388668146351,10627.303475100143,-2160.0271597539213,0.0
10.111566220776298,5.9694944311183775,9138.366499751382,-2047.5775887499765,0.0
9.94226667459924,5.972723504226076,11690.8595821907,-1998.9916110255717,1.0
9.950376173102436,5.993216025065044,16111.093816091288,-2010.9205055279697,1.0
10.093200280701746,5.993139571574448,12144.562320140418,-2540.635542800814,1.0
10.014429942565085,5.963096664029176,9562.519395018258,-1858.5051877010758,0.0
10.213628345137927,5.979606209810824,12797.977315031261,-2099.1568569595897,1.0
10.150446183935935,5.997502730036714,11652.776364725032,-1761.092602211163,1.0
9.886770660130647,5.995245318636799,9100.258826979529,-1843.1877351924263,0.0
9.883248696524474,5.977206003503114,10631.89098806224,-1838.4407461312323,1.0
9.94778695148621,5.999267475592749,10358.757212604825,-1971.3516664894373,0.0
10.111306494180582,5.972776024126532,7378.2340806854045,-1532.6579526257212,0.0
10.05098443523628,5.986414772740758,14644.54188802365,-1495.2859690583564,1.0
9.922958408374075,5.952314152440755,12509.182505961637,-1970.553153284349,1.0
9.855373390493913,5.998969662048432,9651.825283978404,-2617.5299696051693,0.0
10.037924310914663,5.9710384652179735,10185.837068952687,-2167.3010960181964,0.0
10.016143761604967,5.982061261787359,12242.894200339917,-2272.19085900876,1.0
9.972442952464613,5.960760270822388,11382.393276188517,-1928.823110806503,1.0
9.841393645615138,5.971157100412895,12247.470504557454,-1545.339371992389,1.0
10.080805130619474,5.992769143197829,9058.094926808226,-1868.9424239415077,0.0
9.96524718237215,5.986032113280666,7280.09914305235,-2066.109588618763,0.0
10.079440463264596,5.989418812873342,11406.610370927168,-1971.2939345988136,1.0
10.085594811291845,5.998406184916772,7387.812205408396,-1814.4968600905702,0.0
9.763883471071933,5.965026605011173,14455.665371189378,-1904.6834556176423,1.0
9.915829897374522,5.986105258604383,9615.809172999669,-2144.26033400715,0.0
9.86773715820638,5.959948057417283,14521.552253931794,-2343.9670360534415,1.0
10.063862876465114,5.968494092559748,6947.451593926316,-1745.8272423489907,0.0
9.771417442099231,5.996134677707406,12072.093141912617,-2171.0586189499404,1.0
10.068660293490645,5.982577414817068,8119.487407322551,-2285.1690641419236,0.0
9.99344681905272,5.966228262598087,10431.82005546154,-2349.350915116551,0.0
9.862811274101118,5.998625380966151,8399.805706328141,-1588.384208467604,0.0
9.990880481594818,5.96256125004979,11030.467656255896,-2315.9614825324893,0.0
9.941683665285462,5.979222306941164,12410.00345605917,-1889.9509619680969,1.0
,5.982584269083659,7218.721427120549,-2280.1022189402747,
10.207721568596428,5.959037579945676,11474.2151395956,-2398.0234957948355,1.0
9.871573075820358,5.995352753094904,7814.868852790741,-2167.822694556551,0.0
10.045534994298022,5.9825911240899154,8883.7222778254,-1446.9466022096312,0.0
10.172924315062932,,9321.74400461001,-2258.8137458474635,0.0
9.948185390582603,5.997403525253041,13494.962294703062,-1934.0504033490229,1.0
9.783999667325704,5.971162527939032,10863.634684364137,-2018.2315738687887,1.0
10.082027956713267,5.9930142574185,7313.28261520484,-1538.1470327904785,0.0
9.908175465487153,5.976190956696187,12537.785291190019,-2014.551311539483,1.0
9.907545084452956,5.996428973030037,12364.456778357151,-1645.0272739035606,1.0
9.888855735037936,5.994592360769659,11969.527409080178,-1593.488905399953,1.0
9.974607842654347,5.969362406027296,10262.413468639026,-2133.5022809365946,0.0
10.171571069046081,5.988045855546762,5615.22944134368,-2415.837275261799,0.0
10.12996524038222,5.982679943376796,12927.891160281531,-2433.409553555518,1.0
10.03173699457744,5.995832151341738,15377.857597298396,-1969.7894137672565,1.0
10.305889091496388,5.993603499572124,8565.985855402041,-1940.8195618206323,0.0
10.29486294234917,5.972353208961342,9241.871987603794,-1481.0764380353353,0.0
10.035030928247517,5.996969673972065,9150.093911731461,-1408.667307111398,0.0
10.1043221525914,5.991969450048278,5841.0986334287345,-1644.4806609402508,0.0
9.97986744765651,,12566.296745871952,-1993.6478348531366,1.0
9.853365374781959,5.978644975274706,10264.90025066997,-1967.4280018823854,0.0
9.859693943234648,5.9929403903607845,13049.994466465245,-1980.0748550301666,1.0
10.332999031904757,5.974858952058495,16355.471951005093,-1982.1999332231314,1.0
10.156597994347353,5.977566854643778,12775.856921526638,-2144.1735231280836,1.0
9.852254211560055,5.989282910742936,7362.277720839389,-1773.1223097466125,0.0
10.259303304245538,5.970739036351572,5385.532042681281,-1878.3562686075397,0.0
9.865386921462738,5.962305981582949,15275.237435610703,-2098.400360663486,1.0
9.983945302537302,5.981179632536306,11751.934191255796,-2011.0744710163628,1.0
10.079540770408999,5.971104072483763,7506.54636807011,-1782.83958099483,0.0
9.95763150099166,5.995821000044571,10716.812783553318,-1584.760219244331,1.0
10.100888789642598,5.9937949194060405,15837.17707695034,-1606.5658031659032,1.0
10.057325512908927,5.988146101985853,12143.504300116336,-1881.9733023645006,1.0
9.976578852287023,5.98950106536952,14869.053561079176,-2160.693531772065,1.0
10.00434895444639,5.986002197492922,,-1961.2569593718117,0.0
10.044782717831568,5.985337612325575,13273.285503861016,-1872.7228281732164,1.0
10.14840608144653,5.975439091598487,9374.976933235994,-1995.3142022382287,0.0
10.084443260921548,5.953936819294556,15803.541046853401,-1817.417394717039,1.0
10.05207938079516,5.959989532677759,7686.776334736636,-1793.542228740726,0.0
10.126161564010735,5.980145772471151,9762.792307977346,-1427.5280865666314,1.0
10.05961994280629,5.983520908690698,13005.879410838517,-2092.333857250783,1.0
10.028212892313546,5.9571818442104005,8696.055763869497,-1847.782428549509,0.0
10.214593510523947,5.972263250130062,9836.040051865424,-2366.9869021869877,0.0
9.814790178889954,5.971815908567521,12512.829475662524,-2233.7841226130504,1.0
10.158791485787184,5.957145896670252,15592.343010079476,-2319.585290794902,1.0
9.791191950507045,5.987880087691312,8988.790340291342,-2230.2619786233076,0.0
9.965374188542565,5.948828676816693,6287.30306490614,-2166.6978430233235,0.0
10.006174264631532,5.972294765244235,4860.6333606930675,-2134.405999581723,
9.890247751957338,5.993752154935634,12202.51042892337,-2387.8738529763345,1.0
10.016868008103406,5.997838411417151,11336.220814830458,-1553.8227347823654,1.0
9.980798144341238,5.9728805679192165,13461.504596747345,-2320.109264799378,1.0
10.098065509570842,5.961164131935584,9270.872815119368,-2245.5190983818666,0.0
9.940460984188013,5.994834144747594,12534.892808078479,-1791.8337055517113,1.0
10.302793192251917,5.954714732203885,9324.63715619494,-1668.6462165846526,0.0
10.012073872425882,5.973612634786331,10882.97516675445,-2005.456103503888,1.0
10.136075292460294,5.993343231064836,4890.768275623456,-2444.095305416814,0.0
9.864971131081267,5.983759698640782,15032.808333806166,-1804.4318176874167,1.0
9.81235928910482,5.977326847898008,,-2226.5196534819484,0.0
9.856035167521572,5.99573490780288,13440.448221389966,-1979.2723356906922,1.0
9.893410187636091,5.970174610543711,12079.80638743417,-1970.8994579270602,
10.083551282944915,5.958191580436422,14033.44341052538,-1655.3008353536632,1.0
10.278909466428555,5.988462732606589,11336.662624298775,-1417.8529140252062,1.0
,5.988087429753412,10407.37720287449,-1706.0611502684508,1.0
9.946871483073176,5.98096692414844,12582.732884758614,-2269.7709648199066,1.0
10.12999927579146,5.983561485644792,7533.984603819501,-1972.980560203438,
10.11694939949585,5.9984964373581136,8137.77337145781,-2035.660813259324,0.0
10.349046650862254,5.972138810314337,10145.97693860241,-2139.0702389668045,0.0
9.995959440133058,5.980604249442785,5844.534404420748,-2115.8051152828675,0.0
